re,im
-0.25,0.0
-0.6246616314338486,0.0
0.16805400641089246,0.0
-0.07081870789645654,0.0
5.2212278426585157e-23,0.0
