re,im
0.0,0.0
-0.25,0.0
-0.25094466416199107,0.0
-0.15138328534772583,0.0
0.010788490169470907,0.0
