re,im
-0.25,0.0
-0.3269236907478552,0.0
0.07131634471981971,0.0
-0.152725409371922,0.0
3.1189331117840458e-22,0.0
