re,im
-0.25,0.0
-0.4868072687399149,0.0
-0.04789181504500402,0.0
-0.02548307523636539,0.0
1.2283212025694978e-21,0.0
