re,im
-0.2500000000349445,0.0
0.0,0.0
-2.7755575615628914e-17,0.0
-0.18362606563133313,0.0
-0.029625501203680515,0.0
