re,im
-0.25,0.0
-0.40960933938361355,0.0
-0.11315392518879394,0.0
-0.04338063831343537,0.0
-3.787384215567436e-23,0.0
