re,im
-0.25,0.0
-0.6024515608581369,0.0
0.15347221548115905,0.0
-0.31967616963885703,0.0
-2.0691866236790247e-23,0.0
