re,im
-0.25,0.0
-0.3865272338052352,0.0
-0.02550600199168937,0.0
-0.18907468420973095,0.0
7.210434841251055e-21,0.0
